<?xml version="1.0" encoding="UTF-8"?>

<beans xmlns="http://www.springframework.org/schema/beans"
	xmlns:xsi="http://www.w3.org/2001/XMLSchema-instance"
	xmlns:context="http://www.springframework.org/schema/context"
	xmlns:mvc="http://www.springframework.org/schema/mvc"
	xsi:schemaLocation="
	http://www.springframework.org/schema/beans
	http://www.springframework.org/schema/beans/spring-beans.xsd 
	http://www.springframework.org/schema/context
	http://www.springframework.org/schema/context/spring-context.xsd
	http://www.springframework.org/schema/mvc
	http://www.springframework.org/schema/mvc/spring-mvc.xsd
	">

	<context:component-scan
		base-package="flight.app" />
	<mvc:annotation-driven/>	
	<mvc:resources mapping="/resources/**" location="/WEB-INF/resources/" />
	
	<bean
		class="org.springframework.web.servlet.view.InternalResourceViewResolver"
		name="viewResolver">
		<property name="prefix" value="/WEB-INF/views/" />
		<property name="suffix" value=".jsp" />
	</bean>
	
	<bean class="org.springframework.jdbc.datasource.DriverManagerDataSource"
		name="ds">
		
		<property name="driverClassName" value="com.mysql.cj.jdbc.Driver"/>
		<property name="url" value="jdbc:mysql://localhost:3306/flight_mvc"/>
		<property name="username" value="root"/>
		<property name="password" value="root"/>
		
	</bean>
	
	<bean class="org.springframework.jdbc.core.JdbcTemplate"
		name="jdbcTemplate">
		<property name="dataSource" ref="ds"/>
		
	</bean>
	
	<bean class="flight.app.repository.AdminDaoImpl"
		name="FlightDao">
		
		<property name="jdbcTemplate" ref="jdbcTemplate"/>
		
	</bean>
	<bean class="flight.app.repository.UserDaoImpl"
		name="FlightUserDao">
		
		<property name="jdbcTemplate" ref="jdbcTemplate"/>
		
	</bean>
		<bean class="flight.app.repository.AirlinesDaoImpl"
		name="AirlinesUserDao">
		
		<property name="jdbcTemplate" ref="jdbcTemplate"/>
		
	</bean>
		<bean class="flight.app.repository.FlightDaoImpl"
		name="FlightSearchDao">
		
		<property name="jdbcTemplate" ref="jdbcTemplate"/>
		
	</bean>
	
		<bean class="flight.app.repository.BookingDaoImpl"
		name="BookinghDao">
		
		<property name="jdbcTemplate" ref="jdbcTemplate"/>
		
	</bean>

</beans>